username,password
dustin,grapeplum
thomas,plumberry
robert,grapemelon
alfred,kiwigrape
erika,peachberry
james,peachkiwi
lisa,appleorange
kimberly,plumbanana
charles,orangepeach
gail,appleplum
sherri,berrypeach
christopher,grapeorange
eric,orangegrape
dustin,orangeapple
luke,plumapple
susan,orangebanana
eric,bananaorange
sandra,melonapple
jennifer,appleberry
laura,peachplum
kimberly,kiwiorange
kathleen,melonberry
sean,applekiwi
kevin,bananamelon
rebecca,appleapple
howard,bananakiwi
charles,plumbanana
kimberly,pearberry
david,melonbanana
amy,kiwigrape
mary,plumorange
joseph,kiwikiwi
jessica,kiwibanana
jeffrey,melonbanana
sarah,kiwiapple
benjamin,appleorange
emma,grapekiwi
lindsay,berryapple
david,grapegrape
christopher,bananagrape
james,melonpear
melissa,melonpeach
kristie,grapepear
james,appleorange
dale,orangeplum
alexis,melonmelon
chris,grapeapple
randy,peachpear
jason,plumbanana
kelly,peachpeach
jessica,grapepeach
lisa,melonapple
maria,appleplum
eugene,melonapple
johnny,orangeberry
heather,peachapple
tyler,grapemelon
michael,bananakiwi
natalie,grapeapple
mary,berryberry
brian,grapeberry
willie,pearplum
candice,melonorange
timothy,plumberry
jennifer,melonpear
john,plumplum
brandon,peachpear
jessica,bananaberry
jacqueline,berryplum
willie,grapegrape
vanessa,plummelon
kelly,peachgrape
denise,applepeach
amy,orangekiwi
rachel,pearpear
jennifer,melonbanana
monique,berrybanana
mary,peachapple
madison,kiwibanana
kevin,berryberry
john,peachplum
christine,melonkiwi
mary,melonpeach
paul,plumbanana
jessica,plumplum
denise,bananaberry
larry,kiwiapple
susan,peachkiwi
benjamin,pearpeach
mark,plumplum
felicia,bananakiwi
cynthia,grapemelon
jason,pearpeach
denise,applemelon
mitchell,kiwiapple
rachel,plummelon
dillon,orangegrape
jeffrey,pearmelon
meghan,berrypear
diane,pearberry
